-- MySQL dump 10.17  Distrib 10.3.24-MariaDB, for debian-linux-gnu (x86_64)
--
-- Host: localhost    Database: unialumni_db
-- ------------------------------------------------------
-- Server version	10.3.24-MariaDB-2

/*!40101 SET @OLD_CHARACTER_SET_CLIENT=@@CHARACTER_SET_CLIENT */;
/*!40101 SET @OLD_CHARACTER_SET_RESULTS=@@CHARACTER_SET_RESULTS */;
/*!40101 SET @OLD_COLLATION_CONNECTION=@@COLLATION_CONNECTION */;
/*!40101 SET NAMES utf8mb4 */;
/*!40103 SET @OLD_TIME_ZONE=@@TIME_ZONE */;
/*!40103 SET TIME_ZONE='+00:00' */;
/*!40014 SET @OLD_UNIQUE_CHECKS=@@UNIQUE_CHECKS, UNIQUE_CHECKS=0 */;
/*!40014 SET @OLD_FOREIGN_KEY_CHECKS=@@FOREIGN_KEY_CHECKS, FOREIGN_KEY_CHECKS=0 */;
/*!40101 SET @OLD_SQL_MODE=@@SQL_MODE, SQL_MODE='NO_AUTO_VALUE_ON_ZERO' */;
/*!40111 SET @OLD_SQL_NOTES=@@SQL_NOTES, SQL_NOTES=0 */;

--
-- Table structure for table `alumnis`
--

DROP TABLE IF EXISTS `alumnis`;
/*!40101 SET @saved_cs_client     = @@character_set_client */;
/*!40101 SET character_set_client = utf8 */;
CREATE TABLE `alumnis` (
  `id` bigint(20) unsigned NOT NULL AUTO_INCREMENT,
  `firstname` varchar(255) COLLATE utf8mb4_unicode_ci DEFAULT NULL,
  `lastname` varchar(255) COLLATE utf8mb4_unicode_ci DEFAULT NULL,
  `nrp` varchar(255) COLLATE utf8mb4_unicode_ci DEFAULT NULL,
  `email` varchar(255) COLLATE utf8mb4_unicode_ci DEFAULT NULL,
  `agama` varchar(255) COLLATE utf8mb4_unicode_ci DEFAULT NULL,
  `birth_place` varchar(255) COLLATE utf8mb4_unicode_ci DEFAULT NULL,
  `birth_date` date DEFAULT NULL,
  `phone_home` varchar(255) COLLATE utf8mb4_unicode_ci DEFAULT NULL,
  `phone_number` varchar(255) COLLATE utf8mb4_unicode_ci DEFAULT NULL,
  `whatsapp` varchar(255) COLLATE utf8mb4_unicode_ci DEFAULT NULL,
  `address` text COLLATE utf8mb4_unicode_ci DEFAULT NULL,
  `provincy` varchar(255) COLLATE utf8mb4_unicode_ci DEFAULT NULL,
  `city` varchar(255) COLLATE utf8mb4_unicode_ci DEFAULT NULL,
  `zip_code` varchar(255) COLLATE utf8mb4_unicode_ci DEFAULT NULL,
  `created_at` timestamp NULL DEFAULT NULL,
  `updated_at` timestamp NULL DEFAULT NULL,
  `deleted_at` timestamp NULL DEFAULT NULL,
  PRIMARY KEY (`id`)
) ENGINE=InnoDB AUTO_INCREMENT=4 DEFAULT CHARSET=utf8mb4 COLLATE=utf8mb4_unicode_ci;
/*!40101 SET character_set_client = @saved_cs_client */;

--
-- Dumping data for table `alumnis`
--

LOCK TABLES `alumnis` WRITE;
/*!40000 ALTER TABLE `alumnis` DISABLE KEYS */;
INSERT INTO `alumnis` VALUES (1,'Risqi','Romadhoni','nrp2049','risqir57@gmail.com','islam','Dagmarchester','2021-01-03','681.800.1190','(789) 825-7167','271.302.3383','94306 Javon Islands\r\nMuellerport, RI 63877','Singapore','South Elena','21307','2021-01-04 04:20:31','2021-01-04 08:05:06',NULL),(2,'Hailee','D\'Amore','nrp0235','angel00@kutch.com','islam','Paucekmouth','2021-01-03','415.312.8425','865-630-6699','(429) 836-0556','65388 Zion Flats\nKochport, OK 35952-5099','Cape Verde','South Fridaburgh','06300-4643','2021-01-04 04:20:31','2021-01-04 04:20:31',NULL),(3,'Magnus','Rutherford','nrp5850','devonte35@waelchi.com','islam','Stehrville','2021-01-03','+1-497-951-6815','773-254-6606','+1-986-753-6721','474 Yolanda Shoal Apt. 534\nJoshuahbury, IA 26091-9987','Armenia','East Hannah','46014','2021-01-04 04:20:31','2021-01-04 04:20:31',NULL);
/*!40000 ALTER TABLE `alumnis` ENABLE KEYS */;
UNLOCK TABLES;

--
-- Table structure for table `careers`
--

DROP TABLE IF EXISTS `careers`;
/*!40101 SET @saved_cs_client     = @@character_set_client */;
/*!40101 SET character_set_client = utf8 */;
CREATE TABLE `careers` (
  `id` bigint(20) unsigned NOT NULL AUTO_INCREMENT,
  `author_id` bigint(20) unsigned DEFAULT NULL,
  `company_id` bigint(20) unsigned DEFAULT NULL,
  `title` varchar(255) COLLATE utf8mb4_unicode_ci NOT NULL,
  `slug` varchar(255) COLLATE utf8mb4_unicode_ci NOT NULL,
  `body` text COLLATE utf8mb4_unicode_ci NOT NULL,
  `city` varchar(255) COLLATE utf8mb4_unicode_ci DEFAULT NULL,
  `country` varchar(255) COLLATE utf8mb4_unicode_ci DEFAULT NULL,
  `published` tinyint(1) NOT NULL DEFAULT 1,
  `end_at` timestamp NOT NULL DEFAULT current_timestamp() ON UPDATE current_timestamp(),
  `created_at` timestamp NULL DEFAULT NULL,
  `updated_at` timestamp NULL DEFAULT NULL,
  PRIMARY KEY (`id`),
  KEY `careers_company_id_foreign` (`company_id`),
  CONSTRAINT `careers_company_id_foreign` FOREIGN KEY (`company_id`) REFERENCES `companies` (`id`) ON DELETE SET NULL ON UPDATE CASCADE
) ENGINE=InnoDB AUTO_INCREMENT=13 DEFAULT CHARSET=utf8mb4 COLLATE=utf8mb4_unicode_ci;
/*!40101 SET character_set_client = @saved_cs_client */;

--
-- Dumping data for table `careers`
--

LOCK TABLES `careers` WRITE;
/*!40000 ALTER TABLE `careers` DISABLE KEYS */;
INSERT INTO `careers` VALUES (1,NULL,1,'Feest Plaza','feest-plaza','<h2>Details all Thing About This Event</h2><p>Aenean viverra rhoncus pede. Phasellus leo dolor, tempus non, auctor endrerit quis, nisi. Fusce neque. Donec vitae orci sed dolor rutrum auctor. Sed ngilla mauris sit amet nibhr, tempus non, auctor endrerit quis, nisi.</p>','North Venaburgh','Svalbard & Jan Mayen Islands',1,'2021-01-22 04:20:31','2021-01-04 04:20:31','2021-01-04 04:20:31'),(2,NULL,1,'Enid Road','enid-road','<h2>Details all Thing About This Event</h2><p>Aenean viverra rhoncus pede. Phasellus leo dolor, tempus non, auctor endrerit quis, nisi. Fusce neque. Donec vitae orci sed dolor rutrum auctor. Sed ngilla mauris sit amet nibhr, tempus non, auctor endrerit quis, nisi.</p>','Adolphusville','Western Sahara',1,'2021-01-15 04:20:31','2021-01-04 04:20:31','2021-01-04 04:20:31'),(3,NULL,1,'Blanda Prairie','blanda-prairie','<h2>Details all Thing About This Event</h2><p>Aenean viverra rhoncus pede. Phasellus leo dolor, tempus non, auctor endrerit quis, nisi. Fusce neque. Donec vitae orci sed dolor rutrum auctor. Sed ngilla mauris sit amet nibhr, tempus non, auctor endrerit quis, nisi.</p>','Lake Elenora','United Kingdom',1,'2021-01-15 04:20:31','2021-01-04 04:20:31','2021-01-04 04:20:31'),(4,NULL,1,'Einar Manor','einar-manor','<h2>Details all Thing About This Event</h2><p>Aenean viverra rhoncus pede. Phasellus leo dolor, tempus non, auctor endrerit quis, nisi. Fusce neque. Donec vitae orci sed dolor rutrum auctor. Sed ngilla mauris sit amet nibhr, tempus non, auctor endrerit quis, nisi.</p>','East Jamey','Jamaica',1,'2021-01-24 04:20:31','2021-01-04 04:20:31','2021-01-04 04:20:31'),(5,NULL,1,'Wilkinson Forges','wilkinson-forges','<h2>Details all Thing About This Event</h2><p>Aenean viverra rhoncus pede. Phasellus leo dolor, tempus non, auctor endrerit quis, nisi. Fusce neque. Donec vitae orci sed dolor rutrum auctor. Sed ngilla mauris sit amet nibhr, tempus non, auctor endrerit quis, nisi.</p>','South Shawn','South Africa',1,'2021-01-18 04:20:31','2021-01-04 04:20:31','2021-01-04 04:20:31'),(6,NULL,1,'Waelchi Extensions','waelchi-extensions','<h2>Details all Thing About This Event</h2><p>Aenean viverra rhoncus pede. Phasellus leo dolor, tempus non, auctor endrerit quis, nisi. Fusce neque. Donec vitae orci sed dolor rutrum auctor. Sed ngilla mauris sit amet nibhr, tempus non, auctor endrerit quis, nisi.</p>','Tayaland','Croatia',1,'2021-01-14 04:20:31','2021-01-04 04:20:31','2021-01-04 04:20:31'),(7,NULL,1,'Samir Greens','samir-greens','<h2>Details all Thing About This Event</h2><p>Aenean viverra rhoncus pede. Phasellus leo dolor, tempus non, auctor endrerit quis, nisi. Fusce neque. Donec vitae orci sed dolor rutrum auctor. Sed ngilla mauris sit amet nibhr, tempus non, auctor endrerit quis, nisi.</p>','South Carolina','Mexico',1,'2021-01-18 04:20:31','2021-01-04 04:20:31','2021-01-04 04:20:31'),(8,NULL,1,'Pascale Corner','pascale-corner','<h2>Details all Thing About This Event</h2><p>Aenean viverra rhoncus pede. Phasellus leo dolor, tempus non, auctor endrerit quis, nisi. Fusce neque. Donec vitae orci sed dolor rutrum auctor. Sed ngilla mauris sit amet nibhr, tempus non, auctor endrerit quis, nisi.</p>','Mariashire','Niue',1,'2021-01-22 04:20:31','2021-01-04 04:20:31','2021-01-04 04:20:31'),(9,NULL,1,'Bosco Drive','bosco-drive','<h2>Details all Thing About This Event</h2><p>Aenean viverra rhoncus pede. Phasellus leo dolor, tempus non, auctor endrerit quis, nisi. Fusce neque. Donec vitae orci sed dolor rutrum auctor. Sed ngilla mauris sit amet nibhr, tempus non, auctor endrerit quis, nisi.</p>','Lenoreborough','Ethiopia',1,'2021-01-15 04:20:31','2021-01-04 04:20:31','2021-01-04 04:20:31'),(10,NULL,1,'Stamm Harbors','stamm-harbors','<h2>Details all Thing About This Event</h2><p>Aenean viverra rhoncus pede. Phasellus leo dolor, tempus non, auctor endrerit quis, nisi. Fusce neque. Donec vitae orci sed dolor rutrum auctor. Sed ngilla mauris sit amet nibhr, tempus non, auctor endrerit quis, nisi.</p>','East Shanonberg','Japan',1,'2021-01-22 04:20:31','2021-01-04 04:20:31','2021-01-04 04:20:31'),(11,NULL,1,'Tabitha Manor','tabitha-manor','<h2>Details all Thing About This Event</h2><p>Aenean viverra rhoncus pede. Phasellus leo dolor, tempus non, auctor endrerit quis, nisi. Fusce neque. Donec vitae orci sed dolor rutrum auctor. Sed ngilla mauris sit amet nibhr, tempus non, auctor endrerit quis, nisi.</p>','Erickaville','Maldives',1,'2021-01-17 04:20:31','2021-01-04 04:20:31','2021-01-04 04:20:31'),(12,NULL,1,'Grady Turnpike','grady-turnpike','<h2>Details all Thing About This Event</h2><p>Aenean viverra rhoncus pede. Phasellus leo dolor, tempus non, auctor endrerit quis, nisi. Fusce neque. Donec vitae orci sed dolor rutrum auctor. Sed ngilla mauris sit amet nibhr, tempus non, auctor endrerit quis, nisi.</p>','Lake Kayden','Malawi',1,'2021-01-18 04:20:31','2021-01-04 04:20:31','2021-01-04 04:20:31');
/*!40000 ALTER TABLE `careers` ENABLE KEYS */;
UNLOCK TABLES;

--
-- Table structure for table `categories`
--

DROP TABLE IF EXISTS `categories`;
/*!40101 SET @saved_cs_client     = @@character_set_client */;
/*!40101 SET character_set_client = utf8 */;
CREATE TABLE `categories` (
  `id` int(10) unsigned NOT NULL AUTO_INCREMENT,
  `parent_id` int(10) unsigned DEFAULT NULL,
  `order` int(11) NOT NULL DEFAULT 1,
  `name` varchar(255) COLLATE utf8mb4_unicode_ci NOT NULL,
  `slug` varchar(255) COLLATE utf8mb4_unicode_ci NOT NULL,
  `created_at` timestamp NULL DEFAULT NULL,
  `updated_at` timestamp NULL DEFAULT NULL,
  PRIMARY KEY (`id`),
  UNIQUE KEY `categories_slug_unique` (`slug`),
  KEY `categories_parent_id_foreign` (`parent_id`),
  CONSTRAINT `categories_parent_id_foreign` FOREIGN KEY (`parent_id`) REFERENCES `categories` (`id`) ON DELETE SET NULL ON UPDATE CASCADE
) ENGINE=InnoDB AUTO_INCREMENT=3 DEFAULT CHARSET=utf8mb4 COLLATE=utf8mb4_unicode_ci;
/*!40101 SET character_set_client = @saved_cs_client */;

--
-- Dumping data for table `categories`
--

LOCK TABLES `categories` WRITE;
/*!40000 ALTER TABLE `categories` DISABLE KEYS */;
INSERT INTO `categories` VALUES (1,NULL,1,'Category 1','category-1','2021-01-04 04:20:14','2021-01-04 04:20:14'),(2,NULL,1,'Category 2','category-2','2021-01-04 04:20:14','2021-01-04 04:20:14');
/*!40000 ALTER TABLE `categories` ENABLE KEYS */;
UNLOCK TABLES;

--
-- Table structure for table `cities`
--

DROP TABLE IF EXISTS `cities`;
/*!40101 SET @saved_cs_client     = @@character_set_client */;
/*!40101 SET character_set_client = utf8 */;
CREATE TABLE `cities` (
  `id` bigint(20) NOT NULL,
  `provience_id` bigint(20) unsigned NOT NULL,
  `name` varchar(255) COLLATE utf8mb4_unicode_ci NOT NULL,
  `created_at` timestamp NULL DEFAULT NULL,
  `updated_at` timestamp NULL DEFAULT NULL
) ENGINE=InnoDB DEFAULT CHARSET=utf8mb4 COLLATE=utf8mb4_unicode_ci;
/*!40101 SET character_set_client = @saved_cs_client */;

--
-- Dumping data for table `cities`
--

LOCK TABLES `cities` WRITE;
/*!40000 ALTER TABLE `cities` DISABLE KEYS */;
/*!40000 ALTER TABLE `cities` ENABLE KEYS */;
UNLOCK TABLES;

--
-- Table structure for table `companies`
--

DROP TABLE IF EXISTS `companies`;
/*!40101 SET @saved_cs_client     = @@character_set_client */;
/*!40101 SET character_set_client = utf8 */;
CREATE TABLE `companies` (
  `id` bigint(20) unsigned NOT NULL AUTO_INCREMENT,
  `author_id` bigint(20) unsigned DEFAULT NULL,
  `logo` varchar(255) COLLATE utf8mb4_unicode_ci DEFAULT NULL,
  `name` varchar(255) COLLATE utf8mb4_unicode_ci NOT NULL,
  `slug` varchar(255) COLLATE utf8mb4_unicode_ci NOT NULL,
  `email` varchar(255) COLLATE utf8mb4_unicode_ci NOT NULL,
  `phone` varchar(255) COLLATE utf8mb4_unicode_ci NOT NULL,
  `address` text COLLATE utf8mb4_unicode_ci NOT NULL,
  `gmaps` varchar(255) COLLATE utf8mb4_unicode_ci NOT NULL,
  `body` text COLLATE utf8mb4_unicode_ci DEFAULT NULL,
  `created_at` timestamp NULL DEFAULT NULL,
  `updated_at` timestamp NULL DEFAULT NULL,
  PRIMARY KEY (`id`)
) ENGINE=InnoDB AUTO_INCREMENT=4 DEFAULT CHARSET=utf8mb4 COLLATE=utf8mb4_unicode_ci;
/*!40101 SET character_set_client = @saved_cs_client */;

--
-- Dumping data for table `companies`
--

LOCK TABLES `companies` WRITE;
/*!40000 ALTER TABLE `companies` DISABLE KEYS */;
INSERT INTO `companies` VALUES (1,NULL,'9ead706356d02ce8e654aa7653e26ff0.png','Prof. Amaya Moen MD','prof-amaya-moen-md','company@mail.com','+1.664.482.2611','2900 Judy Groves\nWernerview, MT 12786','https://g.page/hungrypedia?share','<h2>Details all Thing About This Event</h2><p>Aenean viverra rhoncus pede. Phasellus leo dolor, tempus non, auctor endrerit quis, nisi. Fusce neque. Donec vitae orci sed dolor rutrum auctor. Sed ngilla mauris sit amet nibhr, tempus non, auctor endrerit quis, nisi.</p>','2021-01-04 04:20:31','2021-01-04 04:20:31'),(2,NULL,'2078254b945c58275f4b167698cd7259.png','Dr. Frankie Mueller III','dr-frankie-mueller-iii','company@mail.com','(924) 847-6813','454 Lizeth Rue\nNew Noeport, MD 35679-5930','https://g.page/hungrypedia?share','<h2>Details all Thing About This Event</h2><p>Aenean viverra rhoncus pede. Phasellus leo dolor, tempus non, auctor endrerit quis, nisi. Fusce neque. Donec vitae orci sed dolor rutrum auctor. Sed ngilla mauris sit amet nibhr, tempus non, auctor endrerit quis, nisi.</p>','2021-01-04 04:20:31','2021-01-04 04:20:31'),(3,NULL,'6e8ca391276ba7063067e0fc9954256b.png','Dr. Doyle Trantow Sr.','dr-doyle-trantow-sr','company@mail.com','535.968.9292','72113 Charlie Dale Suite 823\nBirdieport, AL 27026-1686','https://g.page/hungrypedia?share','<h2>Details all Thing About This Event</h2><p>Aenean viverra rhoncus pede. Phasellus leo dolor, tempus non, auctor endrerit quis, nisi. Fusce neque. Donec vitae orci sed dolor rutrum auctor. Sed ngilla mauris sit amet nibhr, tempus non, auctor endrerit quis, nisi.</p>','2021-01-04 04:20:31','2021-01-04 04:20:31');
/*!40000 ALTER TABLE `companies` ENABLE KEYS */;
UNLOCK TABLES;

--
-- Table structure for table `data_rows`
--

DROP TABLE IF EXISTS `data_rows`;
/*!40101 SET @saved_cs_client     = @@character_set_client */;
/*!40101 SET character_set_client = utf8 */;
CREATE TABLE `data_rows` (
  `id` int(10) unsigned NOT NULL AUTO_INCREMENT,
  `data_type_id` int(10) unsigned NOT NULL,
  `field` varchar(255) COLLATE utf8mb4_unicode_ci NOT NULL,
  `type` varchar(255) COLLATE utf8mb4_unicode_ci NOT NULL,
  `display_name` varchar(255) COLLATE utf8mb4_unicode_ci NOT NULL,
  `required` tinyint(1) NOT NULL DEFAULT 0,
  `browse` tinyint(1) NOT NULL DEFAULT 1,
  `read` tinyint(1) NOT NULL DEFAULT 1,
  `edit` tinyint(1) NOT NULL DEFAULT 1,
  `add` tinyint(1) NOT NULL DEFAULT 1,
  `delete` tinyint(1) NOT NULL DEFAULT 1,
  `details` text COLLATE utf8mb4_unicode_ci DEFAULT NULL,
  `order` int(11) NOT NULL DEFAULT 1,
  PRIMARY KEY (`id`),
  KEY `data_rows_data_type_id_foreign` (`data_type_id`),
  CONSTRAINT `data_rows_data_type_id_foreign` FOREIGN KEY (`data_type_id`) REFERENCES `data_types` (`id`) ON DELETE CASCADE ON UPDATE CASCADE
) ENGINE=InnoDB AUTO_INCREMENT=56 DEFAULT CHARSET=utf8mb4 COLLATE=utf8mb4_unicode_ci;
/*!40101 SET character_set_client = @saved_cs_client */;

--
-- Dumping data for table `data_rows`
--

LOCK TABLES `data_rows` WRITE;
/*!40000 ALTER TABLE `data_rows` DISABLE KEYS */;
INSERT INTO `data_rows` VALUES (1,1,'id','number','ID',1,0,0,0,0,0,NULL,1),(2,1,'name','text','Name',1,1,1,1,1,1,NULL,2),(3,1,'email','text','Email',1,1,1,1,1,1,NULL,3),(4,1,'password','password','Password',1,0,0,1,1,0,NULL,4),(5,1,'remember_token','text','Remember Token',0,0,0,0,0,0,NULL,5),(6,1,'created_at','timestamp','Created At',0,1,1,0,0,0,NULL,6),(7,1,'updated_at','timestamp','Updated At',0,0,0,0,0,0,NULL,7),(8,1,'avatar','image','Avatar',0,1,1,1,1,1,NULL,8),(9,1,'user_belongsto_role_relationship','relationship','Role',0,1,1,1,1,0,'{\"model\":\"TCG\\\\Voyager\\\\Models\\\\Role\",\"table\":\"roles\",\"type\":\"belongsTo\",\"column\":\"role_id\",\"key\":\"id\",\"label\":\"display_name\",\"pivot_table\":\"roles\",\"pivot\":0}',10),(10,1,'user_belongstomany_role_relationship','relationship','Roles',0,1,1,1,1,0,'{\"model\":\"TCG\\\\Voyager\\\\Models\\\\Role\",\"table\":\"roles\",\"type\":\"belongsToMany\",\"column\":\"id\",\"key\":\"id\",\"label\":\"display_name\",\"pivot_table\":\"user_roles\",\"pivot\":\"1\",\"taggable\":\"0\"}',11),(11,1,'settings','hidden','Settings',0,0,0,0,0,0,NULL,12),(12,2,'id','number','ID',1,0,0,0,0,0,NULL,1),(13,2,'name','text','Name',1,1,1,1,1,1,NULL,2),(14,2,'created_at','timestamp','Created At',0,0,0,0,0,0,NULL,3),(15,2,'updated_at','timestamp','Updated At',0,0,0,0,0,0,NULL,4),(16,3,'id','number','ID',1,0,0,0,0,0,NULL,1),(17,3,'name','text','Name',1,1,1,1,1,1,NULL,2),(18,3,'created_at','timestamp','Created At',0,0,0,0,0,0,NULL,3),(19,3,'updated_at','timestamp','Updated At',0,0,0,0,0,0,NULL,4),(20,3,'display_name','text','Display Name',1,1,1,1,1,1,NULL,5),(21,1,'role_id','text','Role',1,1,1,1,1,1,NULL,9),(22,4,'id','number','ID',1,0,0,0,0,0,NULL,1),(23,4,'parent_id','select_dropdown','Parent',0,0,1,1,1,1,'{\"default\":\"\",\"null\":\"\",\"options\":{\"\":\"-- None --\"},\"relationship\":{\"key\":\"id\",\"label\":\"name\"}}',2),(24,4,'order','text','Order',1,1,1,1,1,1,'{\"default\":1}',3),(25,4,'name','text','Name',1,1,1,1,1,1,NULL,4),(26,4,'slug','text','Slug',1,1,1,1,1,1,'{\"slugify\":{\"origin\":\"name\"}}',5),(27,4,'created_at','timestamp','Created At',0,0,1,0,0,0,NULL,6),(28,4,'updated_at','timestamp','Updated At',0,0,0,0,0,0,NULL,7),(29,5,'id','number','ID',1,0,0,0,0,0,NULL,1),(30,5,'author_id','text','Author',1,0,1,1,0,1,NULL,2),(31,5,'category_id','text','Category',1,0,1,1,1,0,NULL,3),(32,5,'title','text','Title',1,1,1,1,1,1,NULL,4),(33,5,'excerpt','text_area','Excerpt',1,0,1,1,1,1,NULL,5),(34,5,'body','rich_text_box','Body',1,0,1,1,1,1,NULL,6),(35,5,'image','image','Post Image',0,1,1,1,1,1,'{\"resize\":{\"width\":\"1000\",\"height\":\"null\"},\"quality\":\"70%\",\"upsize\":true,\"thumbnails\":[{\"name\":\"medium\",\"scale\":\"50%\"},{\"name\":\"small\",\"scale\":\"25%\"},{\"name\":\"cropped\",\"crop\":{\"width\":\"300\",\"height\":\"250\"}}]}',7),(36,5,'slug','text','Slug',1,0,1,1,1,1,'{\"slugify\":{\"origin\":\"title\",\"forceUpdate\":true},\"validation\":{\"rule\":\"unique:posts,slug\"}}',8),(37,5,'meta_description','text_area','Meta Description',1,0,1,1,1,1,NULL,9),(38,5,'meta_keywords','text_area','Meta Keywords',1,0,1,1,1,1,NULL,10),(39,5,'status','select_dropdown','Status',1,1,1,1,1,1,'{\"default\":\"DRAFT\",\"options\":{\"PUBLISHED\":\"published\",\"DRAFT\":\"draft\",\"PENDING\":\"pending\"}}',11),(40,5,'created_at','timestamp','Created At',0,1,1,0,0,0,NULL,12),(41,5,'updated_at','timestamp','Updated At',0,0,0,0,0,0,NULL,13),(42,5,'seo_title','text','SEO Title',0,1,1,1,1,1,NULL,14),(43,5,'featured','checkbox','Featured',1,1,1,1,1,1,NULL,15),(44,6,'id','number','ID',1,0,0,0,0,0,NULL,1),(45,6,'author_id','text','Author',1,0,0,0,0,0,NULL,2),(46,6,'title','text','Title',1,1,1,1,1,1,NULL,3),(47,6,'excerpt','text_area','Excerpt',1,0,1,1,1,1,NULL,4),(48,6,'body','rich_text_box','Body',1,0,1,1,1,1,NULL,5),(49,6,'slug','text','Slug',1,0,1,1,1,1,'{\"slugify\":{\"origin\":\"title\"},\"validation\":{\"rule\":\"unique:pages,slug\"}}',6),(50,6,'meta_description','text','Meta Description',1,0,1,1,1,1,NULL,7),(51,6,'meta_keywords','text','Meta Keywords',1,0,1,1,1,1,NULL,8),(52,6,'status','select_dropdown','Status',1,1,1,1,1,1,'{\"default\":\"INACTIVE\",\"options\":{\"INACTIVE\":\"INACTIVE\",\"ACTIVE\":\"ACTIVE\"}}',9),(53,6,'created_at','timestamp','Created At',1,1,1,0,0,0,NULL,10),(54,6,'updated_at','timestamp','Updated At',1,0,0,0,0,0,NULL,11),(55,6,'image','image','Page Image',0,1,1,1,1,1,NULL,12);
/*!40000 ALTER TABLE `data_rows` ENABLE KEYS */;
UNLOCK TABLES;

--
-- Table structure for table `data_types`
--

DROP TABLE IF EXISTS `data_types`;
/*!40101 SET @saved_cs_client     = @@character_set_client */;
/*!40101 SET character_set_client = utf8 */;
CREATE TABLE `data_types` (
  `id` int(10) unsigned NOT NULL AUTO_INCREMENT,
  `name` varchar(255) COLLATE utf8mb4_unicode_ci NOT NULL,
  `slug` varchar(255) COLLATE utf8mb4_unicode_ci NOT NULL,
  `display_name_singular` varchar(255) COLLATE utf8mb4_unicode_ci NOT NULL,
  `display_name_plural` varchar(255) COLLATE utf8mb4_unicode_ci NOT NULL,
  `icon` varchar(255) COLLATE utf8mb4_unicode_ci DEFAULT NULL,
  `model_name` varchar(255) COLLATE utf8mb4_unicode_ci DEFAULT NULL,
  `policy_name` varchar(255) COLLATE utf8mb4_unicode_ci DEFAULT NULL,
  `controller` varchar(255) COLLATE utf8mb4_unicode_ci DEFAULT NULL,
  `description` varchar(255) COLLATE utf8mb4_unicode_ci DEFAULT NULL,
  `generate_permissions` tinyint(1) NOT NULL DEFAULT 0,
  `server_side` tinyint(4) NOT NULL DEFAULT 0,
  `details` text COLLATE utf8mb4_unicode_ci DEFAULT NULL,
  `created_at` timestamp NULL DEFAULT NULL,
  `updated_at` timestamp NULL DEFAULT NULL,
  PRIMARY KEY (`id`),
  UNIQUE KEY `data_types_name_unique` (`name`),
  UNIQUE KEY `data_types_slug_unique` (`slug`)
) ENGINE=InnoDB AUTO_INCREMENT=7 DEFAULT CHARSET=utf8mb4 COLLATE=utf8mb4_unicode_ci;
/*!40101 SET character_set_client = @saved_cs_client */;

--
-- Dumping data for table `data_types`
--

LOCK TABLES `data_types` WRITE;
/*!40000 ALTER TABLE `data_types` DISABLE KEYS */;
INSERT INTO `data_types` VALUES (1,'users','users','User','Users','voyager-person','TCG\\Voyager\\Models\\User','TCG\\Voyager\\Policies\\UserPolicy','TCG\\Voyager\\Http\\Controllers\\VoyagerUserController','',1,0,NULL,'2021-01-04 04:20:13','2021-01-04 04:20:13'),(2,'menus','menus','Menu','Menus','voyager-list','TCG\\Voyager\\Models\\Menu',NULL,'','',1,0,NULL,'2021-01-04 04:20:13','2021-01-04 04:20:13'),(3,'roles','roles','Role','Roles','voyager-lock','TCG\\Voyager\\Models\\Role',NULL,'TCG\\Voyager\\Http\\Controllers\\VoyagerRoleController','',1,0,NULL,'2021-01-04 04:20:13','2021-01-04 04:20:13'),(4,'categories','categories','Category','Categories','voyager-categories','TCG\\Voyager\\Models\\Category',NULL,'','',1,0,NULL,'2021-01-04 04:20:14','2021-01-04 04:20:14'),(5,'posts','posts','Post','Posts','voyager-news','TCG\\Voyager\\Models\\Post','TCG\\Voyager\\Policies\\PostPolicy','','',1,0,NULL,'2021-01-04 04:20:14','2021-01-04 04:20:14'),(6,'pages','pages','Page','Pages','voyager-file-text','TCG\\Voyager\\Models\\Page',NULL,'','',1,0,NULL,'2021-01-04 04:20:14','2021-01-04 04:20:14');
/*!40000 ALTER TABLE `data_types` ENABLE KEYS */;
UNLOCK TABLES;

--
-- Table structure for table `events`
--

DROP TABLE IF EXISTS `events`;
/*!40101 SET @saved_cs_client     = @@character_set_client */;
/*!40101 SET character_set_client = utf8 */;
CREATE TABLE `events` (
  `id` bigint(20) unsigned NOT NULL AUTO_INCREMENT,
  `author_id` bigint(20) unsigned DEFAULT NULL,
  `image` varchar(255) COLLATE utf8mb4_unicode_ci NOT NULL,
  `title` varchar(255) COLLATE utf8mb4_unicode_ci NOT NULL,
  `slug` varchar(255) COLLATE utf8mb4_unicode_ci NOT NULL,
  `excerpt` varchar(255) COLLATE utf8mb4_unicode_ci NOT NULL,
  `body` text COLLATE utf8mb4_unicode_ci NOT NULL,
  `location` varchar(255) COLLATE utf8mb4_unicode_ci DEFAULT NULL,
  `published` tinyint(1) NOT NULL DEFAULT 1,
  `start_at` timestamp NOT NULL DEFAULT current_timestamp() ON UPDATE current_timestamp(),
  `created_at` timestamp NULL DEFAULT NULL,
  `updated_at` timestamp NULL DEFAULT NULL,
  PRIMARY KEY (`id`)
) ENGINE=InnoDB AUTO_INCREMENT=7 DEFAULT CHARSET=utf8mb4 COLLATE=utf8mb4_unicode_ci;
/*!40101 SET character_set_client = @saved_cs_client */;

--
-- Dumping data for table `events`
--

LOCK TABLES `events` WRITE;
/*!40000 ALTER TABLE `events` DISABLE KEYS */;
INSERT INTO `events` VALUES (1,NULL,'4c5811d9887031f4fec781f1d282926a.png','Kelsie Hintz','kelsie-hintz','However, everything is queer to-day.\' Just then she heard a little irritated at the top of its mouth and began to feel which way you can;--but I must have been changed for Mabel! I\'ll try if I can.','<h2>Details all Thing About This Event</h2><p>Aenean viverra rhoncus pede. Phasellus leo dolor, tempus non, auctor endrerit quis, nisi. Fusce neque. Donec vitae orci sed dolor rutrum auctor. Sed ngilla mauris sit amet nibhr, tempus non, auctor endrerit quis, nisi.</p>','https://g.page/hungrypedia?share',1,'2021-01-07 04:20:22','2021-01-04 04:20:28','2021-01-04 04:20:28'),(2,NULL,'04ff30eb7c48bb47e29d07a1e08c707b.png','Verla Howe','verla-howe','Dormouse fell asleep instantly, and neither of the thing yourself, some winter day, I will tell you just now what the next thing was to twist it up into the sky. Twinkle, twinkle--\"\' Here the.','<h2>Details all Thing About This Event</h2><p>Aenean viverra rhoncus pede. Phasellus leo dolor, tempus non, auctor endrerit quis, nisi. Fusce neque. Donec vitae orci sed dolor rutrum auctor. Sed ngilla mauris sit amet nibhr, tempus non, auctor endrerit quis, nisi.</p>','https://g.page/hungrypedia?share',1,'2021-01-08 04:20:23','2021-01-04 04:20:28','2021-01-04 04:20:28'),(3,NULL,'bfdb465735422c2e1a7efee3f521e20a.png','River Bednar','river-bednar','I got up in spite of all this time, and was just beginning to see anything; then she heard it muttering to himself as he spoke. \'A cat may look at me like that!\' By this time it vanished quite.','<h2>Details all Thing About This Event</h2><p>Aenean viverra rhoncus pede. Phasellus leo dolor, tempus non, auctor endrerit quis, nisi. Fusce neque. Donec vitae orci sed dolor rutrum auctor. Sed ngilla mauris sit amet nibhr, tempus non, auctor endrerit quis, nisi.</p>','https://g.page/hungrypedia?share',1,'2021-01-09 04:20:24','2021-01-04 04:20:28','2021-01-04 04:20:28'),(4,NULL,'8704dc0cf8d6a5598d65f94ca218a039.png','German Lowe','german-lowe','NOT, being made entirely of cardboard.) \'All right, so far,\' thought Alice, as she spoke. (The unfortunate little Bill had left off sneezing by this time?\' she said this, she came upon a neat little.','<h2>Details all Thing About This Event</h2><p>Aenean viverra rhoncus pede. Phasellus leo dolor, tempus non, auctor endrerit quis, nisi. Fusce neque. Donec vitae orci sed dolor rutrum auctor. Sed ngilla mauris sit amet nibhr, tempus non, auctor endrerit quis, nisi.</p>','https://g.page/hungrypedia?share',1,'2021-01-08 04:20:26','2021-01-04 04:20:28','2021-01-04 04:20:28'),(5,NULL,'e34e32a36e436cad694e2394fabf5adc.png','Terry Waters','terry-waters','Mouse, in a moment. \'Let\'s go on with the name of nearly everything there. \'That\'s the reason of that?\' \'In my youth,\' Father William replied to his ear. Alice considered a little before she got up.','<h2>Details all Thing About This Event</h2><p>Aenean viverra rhoncus pede. Phasellus leo dolor, tempus non, auctor endrerit quis, nisi. Fusce neque. Donec vitae orci sed dolor rutrum auctor. Sed ngilla mauris sit amet nibhr, tempus non, auctor endrerit quis, nisi.</p>','https://g.page/hungrypedia?share',1,'2021-01-07 04:20:27','2021-01-04 04:20:28','2021-01-04 04:20:28'),(6,NULL,'472248819be2df47ef24f67400326674.png','Abner Wiza III','abner-wiza-iii','Alice was very likely to eat or drink something or other; but the Hatter were having tea at it: a Dormouse was sitting on the breeze that followed them, the melancholy words:-- \'Soo--oop of the day.','<h2>Details all Thing About This Event</h2><p>Aenean viverra rhoncus pede. Phasellus leo dolor, tempus non, auctor endrerit quis, nisi. Fusce neque. Donec vitae orci sed dolor rutrum auctor. Sed ngilla mauris sit amet nibhr, tempus non, auctor endrerit quis, nisi.</p>','https://g.page/hungrypedia?share',1,'2021-01-09 04:20:28','2021-01-04 04:20:28','2021-01-04 04:20:28');
/*!40000 ALTER TABLE `events` ENABLE KEYS */;
UNLOCK TABLES;

--
-- Table structure for table `failed_jobs`
--

DROP TABLE IF EXISTS `failed_jobs`;
/*!40101 SET @saved_cs_client     = @@character_set_client */;
/*!40101 SET character_set_client = utf8 */;
CREATE TABLE `failed_jobs` (
  `id` bigint(20) unsigned NOT NULL AUTO_INCREMENT,
  `uuid` varchar(255) COLLATE utf8mb4_unicode_ci NOT NULL,
  `connection` text COLLATE utf8mb4_unicode_ci NOT NULL,
  `queue` text COLLATE utf8mb4_unicode_ci NOT NULL,
  `payload` longtext COLLATE utf8mb4_unicode_ci NOT NULL,
  `exception` longtext COLLATE utf8mb4_unicode_ci NOT NULL,
  `failed_at` timestamp NOT NULL DEFAULT current_timestamp(),
  PRIMARY KEY (`id`),
  UNIQUE KEY `failed_jobs_uuid_unique` (`uuid`)
) ENGINE=InnoDB DEFAULT CHARSET=utf8mb4 COLLATE=utf8mb4_unicode_ci;
/*!40101 SET character_set_client = @saved_cs_client */;

--
-- Dumping data for table `failed_jobs`
--

LOCK TABLES `failed_jobs` WRITE;
/*!40000 ALTER TABLE `failed_jobs` DISABLE KEYS */;
/*!40000 ALTER TABLE `failed_jobs` ENABLE KEYS */;
UNLOCK TABLES;

--
-- Table structure for table `galleries`
--

DROP TABLE IF EXISTS `galleries`;
/*!40101 SET @saved_cs_client     = @@character_set_client */;
/*!40101 SET character_set_client = utf8 */;
CREATE TABLE `galleries` (
  `id` bigint(20) unsigned NOT NULL AUTO_INCREMENT,
  `author_id` bigint(20) unsigned DEFAULT NULL,
  `name` varchar(255) COLLATE utf8mb4_unicode_ci NOT NULL,
  `type` enum('image','video') COLLATE utf8mb4_unicode_ci NOT NULL DEFAULT 'image',
  `image` varchar(255) COLLATE utf8mb4_unicode_ci NOT NULL,
  `video_url` varchar(255) COLLATE utf8mb4_unicode_ci NOT NULL,
  `published` tinyint(1) NOT NULL DEFAULT 1,
  `created_at` timestamp NULL DEFAULT NULL,
  `updated_at` timestamp NULL DEFAULT NULL,
  PRIMARY KEY (`id`)
) ENGINE=InnoDB DEFAULT CHARSET=utf8mb4 COLLATE=utf8mb4_unicode_ci;
/*!40101 SET character_set_client = @saved_cs_client */;

--
-- Dumping data for table `galleries`
--

LOCK TABLES `galleries` WRITE;
/*!40000 ALTER TABLE `galleries` DISABLE KEYS */;
/*!40000 ALTER TABLE `galleries` ENABLE KEYS */;
UNLOCK TABLES;

--
-- Table structure for table `menu_items`
--

DROP TABLE IF EXISTS `menu_items`;
/*!40101 SET @saved_cs_client     = @@character_set_client */;
/*!40101 SET character_set_client = utf8 */;
CREATE TABLE `menu_items` (
  `id` int(10) unsigned NOT NULL AUTO_INCREMENT,
  `menu_id` int(10) unsigned DEFAULT NULL,
  `title` varchar(255) COLLATE utf8mb4_unicode_ci NOT NULL,
  `url` varchar(255) COLLATE utf8mb4_unicode_ci NOT NULL,
  `target` varchar(255) COLLATE utf8mb4_unicode_ci NOT NULL DEFAULT '_self',
  `icon_class` varchar(255) COLLATE utf8mb4_unicode_ci DEFAULT NULL,
  `color` varchar(255) COLLATE utf8mb4_unicode_ci DEFAULT NULL,
  `parent_id` int(11) DEFAULT NULL,
  `order` int(11) NOT NULL,
  `created_at` timestamp NULL DEFAULT NULL,
  `updated_at` timestamp NULL DEFAULT NULL,
  `route` varchar(255) COLLATE utf8mb4_unicode_ci DEFAULT NULL,
  `parameters` text COLLATE utf8mb4_unicode_ci DEFAULT NULL,
  PRIMARY KEY (`id`),
  KEY `menu_items_menu_id_foreign` (`menu_id`),
  CONSTRAINT `menu_items_menu_id_foreign` FOREIGN KEY (`menu_id`) REFERENCES `menus` (`id`) ON DELETE CASCADE
) ENGINE=InnoDB AUTO_INCREMENT=22 DEFAULT CHARSET=utf8mb4 COLLATE=utf8mb4_unicode_ci;
/*!40101 SET character_set_client = @saved_cs_client */;

--
-- Dumping data for table `menu_items`
--

LOCK TABLES `menu_items` WRITE;
/*!40000 ALTER TABLE `menu_items` DISABLE KEYS */;
INSERT INTO `menu_items` VALUES (1,1,'Dashboard','','_self','voyager-boat',NULL,NULL,1,'2021-01-04 04:20:14','2021-01-04 04:20:14','voyager.dashboard',NULL),(2,1,'Media','','_self','voyager-images',NULL,NULL,5,'2021-01-04 04:20:14','2021-01-04 04:20:14','voyager.media.index',NULL),(3,1,'Users','','_self','voyager-person',NULL,NULL,3,'2021-01-04 04:20:14','2021-01-04 04:20:14','voyager.users.index',NULL),(4,1,'Roles','','_self','voyager-lock',NULL,NULL,2,'2021-01-04 04:20:14','2021-01-04 04:20:14','voyager.roles.index',NULL),(5,1,'Tools','','_self','voyager-tools',NULL,NULL,9,'2021-01-04 04:20:14','2021-01-04 04:20:14',NULL,NULL),(6,1,'Menu Builder','','_self','voyager-list',NULL,5,10,'2021-01-04 04:20:14','2021-01-04 04:20:14','voyager.menus.index',NULL),(7,1,'Database','','_self','voyager-data',NULL,5,11,'2021-01-04 04:20:14','2021-01-04 04:20:14','voyager.database.index',NULL),(8,1,'Compass','','_self','voyager-compass',NULL,5,12,'2021-01-04 04:20:14','2021-01-04 04:20:14','voyager.compass.index',NULL),(9,1,'BREAD','','_self','voyager-bread',NULL,5,13,'2021-01-04 04:20:14','2021-01-04 04:20:14','voyager.bread.index',NULL),(10,1,'Settings','','_self','voyager-settings',NULL,NULL,14,'2021-01-04 04:20:14','2021-01-04 04:20:14','voyager.settings.index',NULL),(11,1,'Categories','','_self','voyager-categories',NULL,NULL,8,'2021-01-04 04:20:14','2021-01-04 04:20:14','voyager.categories.index',NULL),(12,1,'Posts','','_self','voyager-news',NULL,NULL,6,'2021-01-04 04:20:14','2021-01-04 04:20:14','voyager.posts.index',NULL),(13,1,'Pages','','_self','voyager-file-text',NULL,NULL,7,'2021-01-04 04:20:14','2021-01-04 04:20:14','voyager.pages.index',NULL),(14,1,'Hooks','','_self','voyager-hook',NULL,5,13,'2021-01-04 04:20:15','2021-01-04 04:20:15','voyager.hooks',NULL),(15,2,'Faculty','','_self','voyager-bomb','#000000',NULL,2,'2021-01-04 04:22:25','2021-01-04 04:26:15','faculty.index','null'),(17,2,'Alumni','','_self','voyager-bomb','#000000',NULL,3,'2021-01-04 04:23:19','2021-01-04 04:29:26','alumni.index','null'),(18,2,'Blog','','_self','voyager-bomb','#000000',NULL,4,'2021-01-04 04:23:30','2021-01-04 04:29:54','blog.index','null'),(19,2,'Event','','_self','voyager-bomb','#000000',NULL,5,'2021-01-04 04:23:48','2021-01-04 04:30:12','event.index','null'),(20,2,'Career','','_self','voyager-bomb','#000000',NULL,6,'2021-01-04 04:24:01','2021-01-04 04:30:24','career.index','null'),(21,2,'About Us','','_self','voyager-bomb','#000000',NULL,1,'2021-01-04 04:26:09','2021-01-04 04:28:41','about.index','null');
/*!40000 ALTER TABLE `menu_items` ENABLE KEYS */;
UNLOCK TABLES;

--
-- Table structure for table `menus`
--

DROP TABLE IF EXISTS `menus`;
/*!40101 SET @saved_cs_client     = @@character_set_client */;
/*!40101 SET character_set_client = utf8 */;
CREATE TABLE `menus` (
  `id` int(10) unsigned NOT NULL AUTO_INCREMENT,
  `name` varchar(255) COLLATE utf8mb4_unicode_ci NOT NULL,
  `created_at` timestamp NULL DEFAULT NULL,
  `updated_at` timestamp NULL DEFAULT NULL,
  PRIMARY KEY (`id`),
  UNIQUE KEY `menus_name_unique` (`name`)
) ENGINE=InnoDB AUTO_INCREMENT=3 DEFAULT CHARSET=utf8mb4 COLLATE=utf8mb4_unicode_ci;
/*!40101 SET character_set_client = @saved_cs_client */;

--
-- Dumping data for table `menus`
--

LOCK TABLES `menus` WRITE;
/*!40000 ALTER TABLE `menus` DISABLE KEYS */;
INSERT INTO `menus` VALUES (1,'admin','2021-01-04 04:20:14','2021-01-04 04:20:14'),(2,'frontend','2021-01-04 04:21:37','2021-01-04 04:21:37');
/*!40000 ALTER TABLE `menus` ENABLE KEYS */;
UNLOCK TABLES;

--
-- Table structure for table `migrations`
--

DROP TABLE IF EXISTS `migrations`;
/*!40101 SET @saved_cs_client     = @@character_set_client */;
/*!40101 SET character_set_client = utf8 */;
CREATE TABLE `migrations` (
  `id` int(10) unsigned NOT NULL AUTO_INCREMENT,
  `migration` varchar(255) COLLATE utf8mb4_unicode_ci NOT NULL,
  `batch` int(11) NOT NULL,
  PRIMARY KEY (`id`)
) ENGINE=InnoDB AUTO_INCREMENT=40 DEFAULT CHARSET=utf8mb4 COLLATE=utf8mb4_unicode_ci;
/*!40101 SET character_set_client = @saved_cs_client */;

--
-- Dumping data for table `migrations`
--

LOCK TABLES `migrations` WRITE;
/*!40000 ALTER TABLE `migrations` DISABLE KEYS */;
INSERT INTO `migrations` VALUES (1,'2014_10_12_000000_create_users_table',1),(2,'2014_10_12_100000_create_password_resets_table',1),(3,'2014_10_12_200000_add_two_factor_columns_to_users_table',1),(4,'2016_01_01_000000_add_voyager_user_fields',1),(5,'2016_01_01_000000_create_data_types_table',1),(6,'2016_01_01_000000_create_pages_table',1),(7,'2016_01_01_000000_create_posts_table',1),(8,'2016_02_15_204651_create_categories_table',1),(9,'2016_05_19_173453_create_menu_table',1),(10,'2016_10_21_190000_create_roles_table',1),(11,'2016_10_21_190000_create_settings_table',1),(12,'2016_11_30_135954_create_permission_table',1),(13,'2016_11_30_141208_create_permission_role_table',1),(14,'2016_12_26_201236_data_types__add__server_side',1),(15,'2017_01_13_000000_add_route_to_menu_items_table',1),(16,'2017_01_14_005015_create_translations_table',1),(17,'2017_01_15_000000_make_table_name_nullable_in_permissions_table',1),(18,'2017_03_06_000000_add_controller_to_data_types_table',1),(19,'2017_04_11_000000_alter_post_nullable_fields_table',1),(20,'2017_04_21_000000_add_order_to_data_rows_table',1),(21,'2017_07_05_210000_add_policyname_to_data_types_table',1),(22,'2017_08_05_000000_add_group_to_settings_table',1),(23,'2017_11_26_013050_add_user_role_relationship',1),(24,'2017_11_26_015000_create_user_roles_table',1),(25,'2018_03_11_000000_add_user_settings',1),(26,'2018_03_14_000000_add_details_to_data_types_table',1),(27,'2018_03_16_000000_make_settings_value_nullable',1),(28,'2019_08_19_000000_create_failed_jobs_table',1),(29,'2019_12_14_000001_create_personal_access_tokens_table',1),(30,'2020_12_21_182123_create_sessions_table',1),(31,'2020_12_22_122012_create_sliders_table',1),(32,'2020_12_22_201418_create_events_table',1),(33,'2020_12_22_210555_create_companies_table',1),(34,'2020_12_22_210645_create_careers_table',1),(35,'2020_12_30_194200_create_alumnis_table',1),(36,'2020_12_31_105337_add_field_to_user',1),(37,'2021_01_03_221637_create_galleries_table',1),(38,'2021_01_03_224229_create_proviences_table',1),(39,'2021_01_03_224237_create_cities_table',1);
/*!40000 ALTER TABLE `migrations` ENABLE KEYS */;
UNLOCK TABLES;

--
-- Table structure for table `pages`
--

DROP TABLE IF EXISTS `pages`;
/*!40101 SET @saved_cs_client     = @@character_set_client */;
/*!40101 SET character_set_client = utf8 */;
CREATE TABLE `pages` (
  `id` int(10) unsigned NOT NULL AUTO_INCREMENT,
  `author_id` int(11) NOT NULL,
  `title` varchar(255) COLLATE utf8mb4_unicode_ci NOT NULL,
  `excerpt` text COLLATE utf8mb4_unicode_ci DEFAULT NULL,
  `body` text COLLATE utf8mb4_unicode_ci DEFAULT NULL,
  `image` varchar(255) COLLATE utf8mb4_unicode_ci DEFAULT NULL,
  `slug` varchar(255) COLLATE utf8mb4_unicode_ci NOT NULL,
  `meta_description` text COLLATE utf8mb4_unicode_ci DEFAULT NULL,
  `meta_keywords` text COLLATE utf8mb4_unicode_ci DEFAULT NULL,
  `status` enum('ACTIVE','INACTIVE') COLLATE utf8mb4_unicode_ci NOT NULL DEFAULT 'INACTIVE',
  `created_at` timestamp NULL DEFAULT NULL,
  `updated_at` timestamp NULL DEFAULT NULL,
  PRIMARY KEY (`id`),
  UNIQUE KEY `pages_slug_unique` (`slug`)
) ENGINE=InnoDB AUTO_INCREMENT=2 DEFAULT CHARSET=utf8mb4 COLLATE=utf8mb4_unicode_ci;
/*!40101 SET character_set_client = @saved_cs_client */;

--
-- Dumping data for table `pages`
--

LOCK TABLES `pages` WRITE;
/*!40000 ALTER TABLE `pages` DISABLE KEYS */;
INSERT INTO `pages` VALUES (1,0,'Hello World','Hang the jib grog grog blossom grapple dance the hempen jig gangway pressgang bilge rat to go on account lugger. Nelsons folly gabion line draught scallywag fire ship gaff fluke fathom case shot. Sea Legs bilge rat sloop matey gabion long clothes run a shot across the bow Gold Road cog league.','<p>Hello World. Scallywag grog swab Cat o\'nine tails scuttle rigging hardtack cable nipper Yellow Jack. Handsomely spirits knave lad killick landlubber or just lubber deadlights chantey pinnace crack Jennys tea cup. Provost long clothes black spot Yellow Jack bilged on her anchor league lateen sail case shot lee tackle.</p>\n<p>Ballast spirits fluke topmast me quarterdeck schooner landlubber or just lubber gabion belaying pin. Pinnace stern galleon starboard warp carouser to go on account dance the hempen jig jolly boat measured fer yer chains. Man-of-war fire in the hole nipperkin handsomely doubloon barkadeer Brethren of the Coast gibbet driver squiffy.</p>','pages/page1.jpg','hello-world','Yar Meta Description','Keyword1, Keyword2','ACTIVE','2021-01-04 04:20:15','2021-01-04 04:20:15');
/*!40000 ALTER TABLE `pages` ENABLE KEYS */;
UNLOCK TABLES;

--
-- Table structure for table `password_resets`
--

DROP TABLE IF EXISTS `password_resets`;
/*!40101 SET @saved_cs_client     = @@character_set_client */;
/*!40101 SET character_set_client = utf8 */;
CREATE TABLE `password_resets` (
  `email` varchar(255) COLLATE utf8mb4_unicode_ci NOT NULL,
  `token` varchar(255) COLLATE utf8mb4_unicode_ci NOT NULL,
  `created_at` timestamp NULL DEFAULT NULL,
  KEY `password_resets_email_index` (`email`)
) ENGINE=InnoDB DEFAULT CHARSET=utf8mb4 COLLATE=utf8mb4_unicode_ci;
/*!40101 SET character_set_client = @saved_cs_client */;

--
-- Dumping data for table `password_resets`
--

LOCK TABLES `password_resets` WRITE;
/*!40000 ALTER TABLE `password_resets` DISABLE KEYS */;
/*!40000 ALTER TABLE `password_resets` ENABLE KEYS */;
UNLOCK TABLES;

--
-- Table structure for table `permission_role`
--

DROP TABLE IF EXISTS `permission_role`;
/*!40101 SET @saved_cs_client     = @@character_set_client */;
/*!40101 SET character_set_client = utf8 */;
CREATE TABLE `permission_role` (
  `permission_id` bigint(20) unsigned NOT NULL,
  `role_id` bigint(20) unsigned NOT NULL,
  PRIMARY KEY (`permission_id`,`role_id`),
  KEY `permission_role_permission_id_index` (`permission_id`),
  KEY `permission_role_role_id_index` (`role_id`),
  CONSTRAINT `permission_role_permission_id_foreign` FOREIGN KEY (`permission_id`) REFERENCES `permissions` (`id`) ON DELETE CASCADE,
  CONSTRAINT `permission_role_role_id_foreign` FOREIGN KEY (`role_id`) REFERENCES `roles` (`id`) ON DELETE CASCADE
) ENGINE=InnoDB DEFAULT CHARSET=utf8mb4 COLLATE=utf8mb4_unicode_ci;
/*!40101 SET character_set_client = @saved_cs_client */;

--
-- Dumping data for table `permission_role`
--

LOCK TABLES `permission_role` WRITE;
/*!40000 ALTER TABLE `permission_role` DISABLE KEYS */;
INSERT INTO `permission_role` VALUES (1,1),(2,1),(3,1),(4,1),(5,1),(6,1),(7,1),(8,1),(9,1),(10,1),(11,1),(12,1),(13,1),(14,1),(15,1),(16,1),(17,1),(18,1),(19,1),(20,1),(21,1),(22,1),(23,1),(24,1),(25,1),(26,1),(27,1),(28,1),(29,1),(30,1),(31,1),(32,1),(33,1),(34,1),(35,1),(36,1),(37,1),(38,1),(39,1),(40,1);
/*!40000 ALTER TABLE `permission_role` ENABLE KEYS */;
UNLOCK TABLES;

--
-- Table structure for table `permissions`
--

DROP TABLE IF EXISTS `permissions`;
/*!40101 SET @saved_cs_client     = @@character_set_client */;
/*!40101 SET character_set_client = utf8 */;
CREATE TABLE `permissions` (
  `id` bigint(20) unsigned NOT NULL AUTO_INCREMENT,
  `key` varchar(255) COLLATE utf8mb4_unicode_ci NOT NULL,
  `table_name` varchar(255) COLLATE utf8mb4_unicode_ci DEFAULT NULL,
  `created_at` timestamp NULL DEFAULT NULL,
  `updated_at` timestamp NULL DEFAULT NULL,
  PRIMARY KEY (`id`),
  KEY `permissions_key_index` (`key`)
) ENGINE=InnoDB AUTO_INCREMENT=42 DEFAULT CHARSET=utf8mb4 COLLATE=utf8mb4_unicode_ci;
/*!40101 SET character_set_client = @saved_cs_client */;

--
-- Dumping data for table `permissions`
--

LOCK TABLES `permissions` WRITE;
/*!40000 ALTER TABLE `permissions` DISABLE KEYS */;
INSERT INTO `permissions` VALUES (1,'browse_admin',NULL,'2021-01-04 04:20:14','2021-01-04 04:20:14'),(2,'browse_bread',NULL,'2021-01-04 04:20:14','2021-01-04 04:20:14'),(3,'browse_database',NULL,'2021-01-04 04:20:14','2021-01-04 04:20:14'),(4,'browse_media',NULL,'2021-01-04 04:20:14','2021-01-04 04:20:14'),(5,'browse_compass',NULL,'2021-01-04 04:20:14','2021-01-04 04:20:14'),(6,'browse_menus','menus','2021-01-04 04:20:14','2021-01-04 04:20:14'),(7,'read_menus','menus','2021-01-04 04:20:14','2021-01-04 04:20:14'),(8,'edit_menus','menus','2021-01-04 04:20:14','2021-01-04 04:20:14'),(9,'add_menus','menus','2021-01-04 04:20:14','2021-01-04 04:20:14'),(10,'delete_menus','menus','2021-01-04 04:20:14','2021-01-04 04:20:14'),(11,'browse_roles','roles','2021-01-04 04:20:14','2021-01-04 04:20:14'),(12,'read_roles','roles','2021-01-04 04:20:14','2021-01-04 04:20:14'),(13,'edit_roles','roles','2021-01-04 04:20:14','2021-01-04 04:20:14'),(14,'add_roles','roles','2021-01-04 04:20:14','2021-01-04 04:20:14'),(15,'delete_roles','roles','2021-01-04 04:20:14','2021-01-04 04:20:14'),(16,'browse_users','users','2021-01-04 04:20:14','2021-01-04 04:20:14'),(17,'read_users','users','2021-01-04 04:20:14','2021-01-04 04:20:14'),(18,'edit_users','users','2021-01-04 04:20:14','2021-01-04 04:20:14'),(19,'add_users','users','2021-01-04 04:20:14','2021-01-04 04:20:14'),(20,'delete_users','users','2021-01-04 04:20:14','2021-01-04 04:20:14'),(21,'browse_settings','settings','2021-01-04 04:20:14','2021-01-04 04:20:14'),(22,'read_settings','settings','2021-01-04 04:20:14','2021-01-04 04:20:14'),(23,'edit_settings','settings','2021-01-04 04:20:14','2021-01-04 04:20:14'),(24,'add_settings','settings','2021-01-04 04:20:14','2021-01-04 04:20:14'),(25,'delete_settings','settings','2021-01-04 04:20:14','2021-01-04 04:20:14'),(26,'browse_categories','categories','2021-01-04 04:20:14','2021-01-04 04:20:14'),(27,'read_categories','categories','2021-01-04 04:20:14','2021-01-04 04:20:14'),(28,'edit_categories','categories','2021-01-04 04:20:14','2021-01-04 04:20:14'),(29,'add_categories','categories','2021-01-04 04:20:14','2021-01-04 04:20:14'),(30,'delete_categories','categories','2021-01-04 04:20:14','2021-01-04 04:20:14'),(31,'browse_posts','posts','2021-01-04 04:20:14','2021-01-04 04:20:14'),(32,'read_posts','posts','2021-01-04 04:20:14','2021-01-04 04:20:14'),(33,'edit_posts','posts','2021-01-04 04:20:14','2021-01-04 04:20:14'),(34,'add_posts','posts','2021-01-04 04:20:14','2021-01-04 04:20:14'),(35,'delete_posts','posts','2021-01-04 04:20:14','2021-01-04 04:20:14'),(36,'browse_pages','pages','2021-01-04 04:20:14','2021-01-04 04:20:14'),(37,'read_pages','pages','2021-01-04 04:20:14','2021-01-04 04:20:14'),(38,'edit_pages','pages','2021-01-04 04:20:15','2021-01-04 04:20:15'),(39,'add_pages','pages','2021-01-04 04:20:15','2021-01-04 04:20:15'),(40,'delete_pages','pages','2021-01-04 04:20:15','2021-01-04 04:20:15'),(41,'browse_hooks',NULL,'2021-01-04 04:20:15','2021-01-04 04:20:15');
/*!40000 ALTER TABLE `permissions` ENABLE KEYS */;
UNLOCK TABLES;

--
-- Table structure for table `personal_access_tokens`
--

DROP TABLE IF EXISTS `personal_access_tokens`;
/*!40101 SET @saved_cs_client     = @@character_set_client */;
/*!40101 SET character_set_client = utf8 */;
CREATE TABLE `personal_access_tokens` (
  `id` bigint(20) unsigned NOT NULL AUTO_INCREMENT,
  `tokenable_type` varchar(255) COLLATE utf8mb4_unicode_ci NOT NULL,
  `tokenable_id` bigint(20) unsigned NOT NULL,
  `name` varchar(255) COLLATE utf8mb4_unicode_ci NOT NULL,
  `token` varchar(64) COLLATE utf8mb4_unicode_ci NOT NULL,
  `abilities` text COLLATE utf8mb4_unicode_ci DEFAULT NULL,
  `last_used_at` timestamp NULL DEFAULT NULL,
  `created_at` timestamp NULL DEFAULT NULL,
  `updated_at` timestamp NULL DEFAULT NULL,
  PRIMARY KEY (`id`),
  UNIQUE KEY `personal_access_tokens_token_unique` (`token`),
  KEY `personal_access_tokens_tokenable_type_tokenable_id_index` (`tokenable_type`,`tokenable_id`)
) ENGINE=InnoDB DEFAULT CHARSET=utf8mb4 COLLATE=utf8mb4_unicode_ci;
/*!40101 SET character_set_client = @saved_cs_client */;

--
-- Dumping data for table `personal_access_tokens`
--

LOCK TABLES `personal_access_tokens` WRITE;
/*!40000 ALTER TABLE `personal_access_tokens` DISABLE KEYS */;
/*!40000 ALTER TABLE `personal_access_tokens` ENABLE KEYS */;
UNLOCK TABLES;

--
-- Table structure for table `posts`
--

DROP TABLE IF EXISTS `posts`;
/*!40101 SET @saved_cs_client     = @@character_set_client */;
/*!40101 SET character_set_client = utf8 */;
CREATE TABLE `posts` (
  `id` int(10) unsigned NOT NULL AUTO_INCREMENT,
  `author_id` int(11) NOT NULL,
  `category_id` int(11) DEFAULT NULL,
  `title` varchar(255) COLLATE utf8mb4_unicode_ci NOT NULL,
  `seo_title` varchar(255) COLLATE utf8mb4_unicode_ci DEFAULT NULL,
  `excerpt` text COLLATE utf8mb4_unicode_ci DEFAULT NULL,
  `body` text COLLATE utf8mb4_unicode_ci NOT NULL,
  `image` varchar(255) COLLATE utf8mb4_unicode_ci DEFAULT NULL,
  `slug` varchar(255) COLLATE utf8mb4_unicode_ci NOT NULL,
  `meta_description` text COLLATE utf8mb4_unicode_ci DEFAULT NULL,
  `meta_keywords` text COLLATE utf8mb4_unicode_ci DEFAULT NULL,
  `status` enum('PUBLISHED','DRAFT','PENDING') COLLATE utf8mb4_unicode_ci NOT NULL DEFAULT 'DRAFT',
  `featured` tinyint(1) NOT NULL DEFAULT 0,
  `created_at` timestamp NULL DEFAULT NULL,
  `updated_at` timestamp NULL DEFAULT NULL,
  PRIMARY KEY (`id`),
  UNIQUE KEY `posts_slug_unique` (`slug`)
) ENGINE=InnoDB AUTO_INCREMENT=5 DEFAULT CHARSET=utf8mb4 COLLATE=utf8mb4_unicode_ci;
/*!40101 SET character_set_client = @saved_cs_client */;

--
-- Dumping data for table `posts`
--

LOCK TABLES `posts` WRITE;
/*!40000 ALTER TABLE `posts` DISABLE KEYS */;
INSERT INTO `posts` VALUES (1,0,NULL,'Lorem Ipsum Post',NULL,'This is the excerpt for the Lorem Ipsum Post','<p>This is the body of the lorem ipsum post</p>','posts/post1.jpg','lorem-ipsum-post','This is the meta description','keyword1, keyword2, keyword3','PUBLISHED',0,'2021-01-04 04:20:14','2021-01-04 04:20:14'),(2,0,NULL,'My Sample Post',NULL,'This is the excerpt for the sample Post','<p>This is the body for the sample post, which includes the body.</p>\n                <h2>We can use all kinds of format!</h2>\n                <p>And include a bunch of other stuff.</p>','posts/post2.jpg','my-sample-post','Meta Description for sample post','keyword1, keyword2, keyword3','PUBLISHED',0,'2021-01-04 04:20:14','2021-01-04 04:20:14'),(3,0,NULL,'Latest Post',NULL,'This is the excerpt for the latest post','<p>This is the body for the latest post</p>','posts/post3.jpg','latest-post','This is the meta description','keyword1, keyword2, keyword3','PUBLISHED',0,'2021-01-04 04:20:14','2021-01-04 04:20:14'),(4,0,NULL,'Yarr Post',NULL,'Reef sails nipperkin bring a spring upon her cable coffer jury mast spike marooned Pieces of Eight poop deck pillage. Clipper driver coxswain galleon hempen halter come about pressgang gangplank boatswain swing the lead. Nipperkin yard skysail swab lanyard Blimey bilge water ho quarter Buccaneer.','<p>Swab deadlights Buccaneer fire ship square-rigged dance the hempen jig weigh anchor cackle fruit grog furl. Crack Jennys tea cup chase guns pressgang hearties spirits hogshead Gold Road six pounders fathom measured fer yer chains. Main sheet provost come about trysail barkadeer crimp scuttle mizzenmast brig plunder.</p>\n<p>Mizzen league keelhaul galleon tender cog chase Barbary Coast doubloon crack Jennys tea cup. Blow the man down lugsail fire ship pinnace cackle fruit line warp Admiral of the Black strike colors doubloon. Tackle Jack Ketch come about crimp rum draft scuppers run a shot across the bow haul wind maroon.</p>\n<p>Interloper heave down list driver pressgang holystone scuppers tackle scallywag bilged on her anchor. Jack Tar interloper draught grapple mizzenmast hulk knave cable transom hogshead. Gaff pillage to go on account grog aft chase guns piracy yardarm knave clap of thunder.</p>','posts/post4.jpg','yarr-post','this be a meta descript','keyword1, keyword2, keyword3','PUBLISHED',0,'2021-01-04 04:20:14','2021-01-04 04:20:14');
/*!40000 ALTER TABLE `posts` ENABLE KEYS */;
UNLOCK TABLES;

--
-- Table structure for table `proviences`
--

DROP TABLE IF EXISTS `proviences`;
/*!40101 SET @saved_cs_client     = @@character_set_client */;
/*!40101 SET character_set_client = utf8 */;
CREATE TABLE `proviences` (
  `id` bigint(20) NOT NULL,
  `name` varchar(255) COLLATE utf8mb4_unicode_ci NOT NULL,
  `created_at` timestamp NULL DEFAULT NULL,
  `updated_at` timestamp NULL DEFAULT NULL
) ENGINE=InnoDB DEFAULT CHARSET=utf8mb4 COLLATE=utf8mb4_unicode_ci;
/*!40101 SET character_set_client = @saved_cs_client */;

--
-- Dumping data for table `proviences`
--

LOCK TABLES `proviences` WRITE;
/*!40000 ALTER TABLE `proviences` DISABLE KEYS */;
/*!40000 ALTER TABLE `proviences` ENABLE KEYS */;
UNLOCK TABLES;

--
-- Table structure for table `roles`
--

DROP TABLE IF EXISTS `roles`;
/*!40101 SET @saved_cs_client     = @@character_set_client */;
/*!40101 SET character_set_client = utf8 */;
CREATE TABLE `roles` (
  `id` bigint(20) unsigned NOT NULL AUTO_INCREMENT,
  `name` varchar(255) COLLATE utf8mb4_unicode_ci NOT NULL,
  `display_name` varchar(255) COLLATE utf8mb4_unicode_ci NOT NULL,
  `created_at` timestamp NULL DEFAULT NULL,
  `updated_at` timestamp NULL DEFAULT NULL,
  PRIMARY KEY (`id`),
  UNIQUE KEY `roles_name_unique` (`name`)
) ENGINE=InnoDB AUTO_INCREMENT=3 DEFAULT CHARSET=utf8mb4 COLLATE=utf8mb4_unicode_ci;
/*!40101 SET character_set_client = @saved_cs_client */;

--
-- Dumping data for table `roles`
--

LOCK TABLES `roles` WRITE;
/*!40000 ALTER TABLE `roles` DISABLE KEYS */;
INSERT INTO `roles` VALUES (1,'admin','Administrator','2021-01-04 04:20:14','2021-01-04 04:20:14'),(2,'user','Normal User','2021-01-04 04:20:14','2021-01-04 04:20:14');
/*!40000 ALTER TABLE `roles` ENABLE KEYS */;
UNLOCK TABLES;

--
-- Table structure for table `sessions`
--

DROP TABLE IF EXISTS `sessions`;
/*!40101 SET @saved_cs_client     = @@character_set_client */;
/*!40101 SET character_set_client = utf8 */;
CREATE TABLE `sessions` (
  `id` varchar(255) COLLATE utf8mb4_unicode_ci NOT NULL,
  `user_id` bigint(20) unsigned DEFAULT NULL,
  `ip_address` varchar(45) COLLATE utf8mb4_unicode_ci DEFAULT NULL,
  `user_agent` text COLLATE utf8mb4_unicode_ci DEFAULT NULL,
  `payload` text COLLATE utf8mb4_unicode_ci NOT NULL,
  `last_activity` int(11) NOT NULL,
  PRIMARY KEY (`id`),
  KEY `sessions_user_id_index` (`user_id`),
  KEY `sessions_last_activity_index` (`last_activity`)
) ENGINE=InnoDB DEFAULT CHARSET=utf8mb4 COLLATE=utf8mb4_unicode_ci;
/*!40101 SET character_set_client = @saved_cs_client */;

--
-- Dumping data for table `sessions`
--

LOCK TABLES `sessions` WRITE;
/*!40000 ALTER TABLE `sessions` DISABLE KEYS */;
INSERT INTO `sessions` VALUES ('zXEzfqyUMvyLDibHleYiiUc6iYkOh1RnUFJQ4QxD',3,'127.0.0.1','Mozilla/5.0 (X11; Linux x86_64; rv:78.0) Gecko/20100101 Firefox/78.0','YTo3OntzOjY6Il90b2tlbiI7czo0MDoid0t2ZE9Pbk5FRVozZ1VXRGhOYVlJMjhOc3FqR01xeGZxNnViWFdxciI7czo2OiJfZmxhc2giO2E6Mjp7czozOiJvbGQiO2E6MDp7fXM6MzoibmV3IjthOjA6e319czo5OiJfcHJldmlvdXMiO2E6MTp7czozOiJ1cmwiO3M6MjM6Imh0dHA6Ly9qYWdhdGFsdW1uaS5zaXRlIjt9czo1MDoibG9naW5fd2ViXzU5YmEzNmFkZGMyYjJmOTQwMTU4MGYwMTRjN2Y1OGVhNGUzMDk4OWQiO2k6MztzOjE3OiJwYXNzd29yZF9oYXNoX3dlYiI7czo2MDoiJDJ5JDEwJGE0dkZXTnJNd0l4bkZULmk5L0ZpbnVjMFo4aS5nbmJEZE9ZUTliT2Fhc2VLMG1kb2d2Z0YuIjtzOjM6InVybCI7YTowOnt9czoyMToicGFzc3dvcmRfaGFzaF9zYW5jdHVtIjtzOjYwOiIkMnkkMTAkYTR2RldOck13SXhuRlQuaTkvRmludWMwWjhpLmduYkRkT1lROWJPYWFzZUswbWRvZ3ZnRi4iO30=',1609729526);
/*!40000 ALTER TABLE `sessions` ENABLE KEYS */;
UNLOCK TABLES;

--
-- Table structure for table `settings`
--

DROP TABLE IF EXISTS `settings`;
/*!40101 SET @saved_cs_client     = @@character_set_client */;
/*!40101 SET character_set_client = utf8 */;
CREATE TABLE `settings` (
  `id` int(10) unsigned NOT NULL AUTO_INCREMENT,
  `key` varchar(255) COLLATE utf8mb4_unicode_ci NOT NULL,
  `display_name` varchar(255) COLLATE utf8mb4_unicode_ci NOT NULL,
  `value` text COLLATE utf8mb4_unicode_ci DEFAULT NULL,
  `details` text COLLATE utf8mb4_unicode_ci DEFAULT NULL,
  `type` varchar(255) COLLATE utf8mb4_unicode_ci NOT NULL,
  `order` int(11) NOT NULL DEFAULT 1,
  `group` varchar(255) COLLATE utf8mb4_unicode_ci DEFAULT NULL,
  PRIMARY KEY (`id`),
  UNIQUE KEY `settings_key_unique` (`key`)
) ENGINE=InnoDB AUTO_INCREMENT=11 DEFAULT CHARSET=utf8mb4 COLLATE=utf8mb4_unicode_ci;
/*!40101 SET character_set_client = @saved_cs_client */;

--
-- Dumping data for table `settings`
--

LOCK TABLES `settings` WRITE;
/*!40000 ALTER TABLE `settings` DISABLE KEYS */;
INSERT INTO `settings` VALUES (1,'site.title','Site Title','Site Title','','text',1,'Site'),(2,'site.description','Site Description','Site Description','','text',2,'Site'),(3,'site.logo','Site Logo','','','image',3,'Site'),(4,'site.google_analytics_tracking_id','Google Analytics Tracking ID','','','text',4,'Site'),(5,'admin.bg_image','Admin Background Image','','','image',5,'Admin'),(6,'admin.title','Admin Title','Voyager','','text',1,'Admin'),(7,'admin.description','Admin Description','Welcome to Voyager. The Missing Admin for Laravel','','text',2,'Admin'),(8,'admin.loader','Admin Loader','','','image',3,'Admin'),(9,'admin.icon_image','Admin Icon Image','','','image',4,'Admin'),(10,'admin.google_analytics_client_id','Google Analytics Client ID (used for admin dashboard)','','','text',1,'Admin');
/*!40000 ALTER TABLE `settings` ENABLE KEYS */;
UNLOCK TABLES;

--
-- Table structure for table `sliders`
--

DROP TABLE IF EXISTS `sliders`;
/*!40101 SET @saved_cs_client     = @@character_set_client */;
/*!40101 SET character_set_client = utf8 */;
CREATE TABLE `sliders` (
  `id` bigint(20) unsigned NOT NULL AUTO_INCREMENT,
  `image` varchar(255) COLLATE utf8mb4_unicode_ci DEFAULT NULL,
  `title` varchar(255) COLLATE utf8mb4_unicode_ci DEFAULT NULL,
  `subtitle` varchar(255) COLLATE utf8mb4_unicode_ci DEFAULT NULL,
  `excerpt` text COLLATE utf8mb4_unicode_ci DEFAULT NULL,
  `link` varchar(255) COLLATE utf8mb4_unicode_ci DEFAULT NULL,
  `published` tinyint(1) NOT NULL DEFAULT 0,
  `created_at` timestamp NULL DEFAULT NULL,
  `updated_at` timestamp NULL DEFAULT NULL,
  PRIMARY KEY (`id`)
) ENGINE=InnoDB AUTO_INCREMENT=6 DEFAULT CHARSET=utf8mb4 COLLATE=utf8mb4_unicode_ci;
/*!40101 SET character_set_client = @saved_cs_client */;

--
-- Dumping data for table `sliders`
--

LOCK TABLES `sliders` WRITE;
/*!40000 ALTER TABLE `sliders` DISABLE KEYS */;
INSERT INTO `sliders` VALUES (1,'89bb2a9ae1229032f79c7bf2588f391c.png','Ini judul','Kira Adams','Alice felt dreadfully puzzled. The Hatter\'s remark seemed to have it explained,\' said the Mock Turtle. \'Hold your tongue, Ma!\' said the Gryphon, \'she wants for to know what to do, so Alice went on.','/',1,'2021-01-04 04:20:21','2021-01-04 04:20:21'),(2,'54eda743b785cc7d7cad7dd7316f3e40.png','Ini judul','Chelsea Thompson','Ugh, Serpent!\' \'But I\'m NOT a serpent!\' said Alice a little shriek and a fan! Quick, now!\' And Alice was a sound of many footsteps, and Alice rather unwillingly took the hookah out of the way of.','/',1,'2021-01-04 04:20:21','2021-01-04 04:20:21'),(3,'07e2d74ae39456448206e429abf17ac7.png','Ini judul','Rex Bednar','What made you so awfully clever?\' \'I have answered three questions, and that if you like!\' the Duchess sang the second thing is to find it out, we should all have our heads cut off, you know.','/',1,'2021-01-04 04:20:21','2021-01-04 04:20:21'),(4,'83c005cb3b465358ea1799b21909d705.png','Ini judul','Enola Wilderman','Who for such dainties would not open any of them. However, on the look-out for serpents night and day! Why, I haven\'t been invited yet.\' \'You\'ll see me there,\' said the Pigeon in a great interest in.','/',1,'2021-01-04 04:20:21','2021-01-04 04:20:21'),(5,'dcabedfc0835366f81cf37837db60a96.png','Ini judul','Danyka Heller','I didn\'t!\' interrupted Alice. \'You must be,\' said the White Rabbit. She was moving them about as curious as it didn\'t much matter which way she put them into a graceful zigzag, and was suppressed.','/',1,'2021-01-04 04:20:21','2021-01-04 04:20:21');
/*!40000 ALTER TABLE `sliders` ENABLE KEYS */;
UNLOCK TABLES;

--
-- Table structure for table `translations`
--

DROP TABLE IF EXISTS `translations`;
/*!40101 SET @saved_cs_client     = @@character_set_client */;
/*!40101 SET character_set_client = utf8 */;
CREATE TABLE `translations` (
  `id` int(10) unsigned NOT NULL AUTO_INCREMENT,
  `table_name` varchar(255) COLLATE utf8mb4_unicode_ci NOT NULL,
  `column_name` varchar(255) COLLATE utf8mb4_unicode_ci NOT NULL,
  `foreign_key` int(10) unsigned NOT NULL,
  `locale` varchar(255) COLLATE utf8mb4_unicode_ci NOT NULL,
  `value` text COLLATE utf8mb4_unicode_ci NOT NULL,
  `created_at` timestamp NULL DEFAULT NULL,
  `updated_at` timestamp NULL DEFAULT NULL,
  PRIMARY KEY (`id`),
  UNIQUE KEY `translations_table_name_column_name_foreign_key_locale_unique` (`table_name`,`column_name`,`foreign_key`,`locale`)
) ENGINE=InnoDB AUTO_INCREMENT=31 DEFAULT CHARSET=utf8mb4 COLLATE=utf8mb4_unicode_ci;
/*!40101 SET character_set_client = @saved_cs_client */;

--
-- Dumping data for table `translations`
--

LOCK TABLES `translations` WRITE;
/*!40000 ALTER TABLE `translations` DISABLE KEYS */;
INSERT INTO `translations` VALUES (1,'data_types','display_name_singular',5,'pt','Post','2021-01-04 04:20:15','2021-01-04 04:20:15'),(2,'data_types','display_name_singular',6,'pt','Pgina','2021-01-04 04:20:15','2021-01-04 04:20:15'),(3,'data_types','display_name_singular',1,'pt','Utilizador','2021-01-04 04:20:15','2021-01-04 04:20:15'),(4,'data_types','display_name_singular',4,'pt','Categoria','2021-01-04 04:20:15','2021-01-04 04:20:15'),(5,'data_types','display_name_singular',2,'pt','Menu','2021-01-04 04:20:15','2021-01-04 04:20:15'),(6,'data_types','display_name_singular',3,'pt','Funo','2021-01-04 04:20:15','2021-01-04 04:20:15'),(7,'data_types','display_name_plural',5,'pt','Posts','2021-01-04 04:20:15','2021-01-04 04:20:15'),(8,'data_types','display_name_plural',6,'pt','Pginas','2021-01-04 04:20:15','2021-01-04 04:20:15'),(9,'data_types','display_name_plural',1,'pt','Utilizadores','2021-01-04 04:20:15','2021-01-04 04:20:15'),(10,'data_types','display_name_plural',4,'pt','Categorias','2021-01-04 04:20:15','2021-01-04 04:20:15'),(11,'data_types','display_name_plural',2,'pt','Menus','2021-01-04 04:20:15','2021-01-04 04:20:15'),(12,'data_types','display_name_plural',3,'pt','Funes','2021-01-04 04:20:15','2021-01-04 04:20:15'),(13,'categories','slug',1,'pt','categoria-1','2021-01-04 04:20:15','2021-01-04 04:20:15'),(14,'categories','name',1,'pt','Categoria 1','2021-01-04 04:20:15','2021-01-04 04:20:15'),(15,'categories','slug',2,'pt','categoria-2','2021-01-04 04:20:15','2021-01-04 04:20:15'),(16,'categories','name',2,'pt','Categoria 2','2021-01-04 04:20:15','2021-01-04 04:20:15'),(17,'pages','title',1,'pt','Ol Mundo','2021-01-04 04:20:15','2021-01-04 04:20:15'),(18,'pages','slug',1,'pt','ola-mundo','2021-01-04 04:20:15','2021-01-04 04:20:15'),(19,'pages','body',1,'pt','<p>Ol Mundo. Scallywag grog swab Cat o\'nine tails scuttle rigging hardtack cable nipper Yellow Jack. Handsomely spirits knave lad killick landlubber or just lubber deadlights chantey pinnace crack Jennys tea cup. Provost long clothes black spot Yellow Jack bilged on her anchor league lateen sail case shot lee tackle.</p>\r\n<p>Ballast spirits fluke topmast me quarterdeck schooner landlubber or just lubber gabion belaying pin. Pinnace stern galleon starboard warp carouser to go on account dance the hempen jig jolly boat measured fer yer chains. Man-of-war fire in the hole nipperkin handsomely doubloon barkadeer Brethren of the Coast gibbet driver squiffy.</p>','2021-01-04 04:20:15','2021-01-04 04:20:15'),(20,'menu_items','title',1,'pt','Painel de Controle','2021-01-04 04:20:15','2021-01-04 04:20:15'),(21,'menu_items','title',2,'pt','Media','2021-01-04 04:20:15','2021-01-04 04:20:15'),(22,'menu_items','title',12,'pt','Publicaes','2021-01-04 04:20:15','2021-01-04 04:20:15'),(23,'menu_items','title',3,'pt','Utilizadores','2021-01-04 04:20:15','2021-01-04 04:20:15'),(24,'menu_items','title',11,'pt','Categorias','2021-01-04 04:20:15','2021-01-04 04:20:15'),(25,'menu_items','title',13,'pt','Pginas','2021-01-04 04:20:15','2021-01-04 04:20:15'),(26,'menu_items','title',4,'pt','Funes','2021-01-04 04:20:15','2021-01-04 04:20:15'),(27,'menu_items','title',5,'pt','Ferramentas','2021-01-04 04:20:15','2021-01-04 04:20:15'),(28,'menu_items','title',6,'pt','Menus','2021-01-04 04:20:15','2021-01-04 04:20:15'),(29,'menu_items','title',7,'pt','Base de dados','2021-01-04 04:20:15','2021-01-04 04:20:15'),(30,'menu_items','title',10,'pt','Configuraes','2021-01-04 04:20:15','2021-01-04 04:20:15');
/*!40000 ALTER TABLE `translations` ENABLE KEYS */;
UNLOCK TABLES;

--
-- Table structure for table `user_roles`
--

DROP TABLE IF EXISTS `user_roles`;
/*!40101 SET @saved_cs_client     = @@character_set_client */;
/*!40101 SET character_set_client = utf8 */;
CREATE TABLE `user_roles` (
  `user_id` bigint(20) unsigned NOT NULL,
  `role_id` bigint(20) unsigned NOT NULL,
  PRIMARY KEY (`user_id`,`role_id`),
  KEY `user_roles_user_id_index` (`user_id`),
  KEY `user_roles_role_id_index` (`role_id`),
  CONSTRAINT `user_roles_role_id_foreign` FOREIGN KEY (`role_id`) REFERENCES `roles` (`id`) ON DELETE CASCADE,
  CONSTRAINT `user_roles_user_id_foreign` FOREIGN KEY (`user_id`) REFERENCES `users` (`id`) ON DELETE CASCADE
) ENGINE=InnoDB DEFAULT CHARSET=utf8mb4 COLLATE=utf8mb4_unicode_ci;
/*!40101 SET character_set_client = @saved_cs_client */;

--
-- Dumping data for table `user_roles`
--

LOCK TABLES `user_roles` WRITE;
/*!40000 ALTER TABLE `user_roles` DISABLE KEYS */;
/*!40000 ALTER TABLE `user_roles` ENABLE KEYS */;
UNLOCK TABLES;

--
-- Table structure for table `users`
--

DROP TABLE IF EXISTS `users`;
/*!40101 SET @saved_cs_client     = @@character_set_client */;
/*!40101 SET character_set_client = utf8 */;
CREATE TABLE `users` (
  `id` bigint(20) unsigned NOT NULL AUTO_INCREMENT,
  `role_id` bigint(20) unsigned DEFAULT NULL,
  `firstname` varchar(255) COLLATE utf8mb4_unicode_ci NOT NULL,
  `email` varchar(255) COLLATE utf8mb4_unicode_ci NOT NULL,
  `lastname` varchar(255) COLLATE utf8mb4_unicode_ci NOT NULL,
  `nrp` varchar(255) COLLATE utf8mb4_unicode_ci DEFAULT NULL,
  `agama` varchar(255) COLLATE utf8mb4_unicode_ci DEFAULT NULL,
  `birth_place` varchar(255) COLLATE utf8mb4_unicode_ci DEFAULT NULL,
  `birth_date` date DEFAULT NULL,
  `phone_home` varchar(255) COLLATE utf8mb4_unicode_ci DEFAULT NULL,
  `phone_number` varchar(255) COLLATE utf8mb4_unicode_ci DEFAULT NULL,
  `whatsapp` varchar(255) COLLATE utf8mb4_unicode_ci DEFAULT NULL,
  `address` text COLLATE utf8mb4_unicode_ci DEFAULT NULL,
  `provincy` varchar(255) COLLATE utf8mb4_unicode_ci DEFAULT NULL,
  `city` varchar(255) COLLATE utf8mb4_unicode_ci DEFAULT NULL,
  `zip_code` varchar(255) COLLATE utf8mb4_unicode_ci DEFAULT NULL,
  `alumni_id` bigint(20) unsigned DEFAULT NULL,
  `avatar` varchar(255) COLLATE utf8mb4_unicode_ci DEFAULT 'users/default.png',
  `email_verified_at` timestamp NULL DEFAULT NULL,
  `password` varchar(255) COLLATE utf8mb4_unicode_ci NOT NULL,
  `two_factor_secret` text COLLATE utf8mb4_unicode_ci DEFAULT NULL,
  `two_factor_recovery_codes` text COLLATE utf8mb4_unicode_ci DEFAULT NULL,
  `remember_token` varchar(100) COLLATE utf8mb4_unicode_ci DEFAULT NULL,
  `settings` text COLLATE utf8mb4_unicode_ci DEFAULT NULL,
  `current_team_id` bigint(20) unsigned DEFAULT NULL,
  `profile_photo_path` text COLLATE utf8mb4_unicode_ci DEFAULT NULL,
  `created_at` timestamp NULL DEFAULT NULL,
  `updated_at` timestamp NULL DEFAULT NULL,
  `deleted_at` timestamp NULL DEFAULT NULL,
  PRIMARY KEY (`id`),
  UNIQUE KEY `users_email_unique` (`email`),
  KEY `users_role_id_foreign` (`role_id`),
  CONSTRAINT `users_role_id_foreign` FOREIGN KEY (`role_id`) REFERENCES `roles` (`id`)
) ENGINE=InnoDB AUTO_INCREMENT=4 DEFAULT CHARSET=utf8mb4 COLLATE=utf8mb4_unicode_ci;
/*!40101 SET character_set_client = @saved_cs_client */;

--
-- Dumping data for table `users`
--

LOCK TABLES `users` WRITE;
/*!40000 ALTER TABLE `users` DISABLE KEYS */;
INSERT INTO `users` VALUES (1,1,'Admin','admin@admin.com','Web',NULL,NULL,NULL,NULL,NULL,NULL,NULL,NULL,NULL,NULL,NULL,NULL,'users/default.png',NULL,'$2y$10$sUsrZ9W0Y3IKhiHSdbZEKuZnffT5SNHufXJlo6Qx3i5oEfnO51Toy',NULL,NULL,'6VzzczcE8YMrAznfX2TIFT0MBTGQc9kPbdoGOwHVnq0A1PtuGsLIBzsHmpxi',NULL,NULL,NULL,'2021-01-04 04:20:14','2021-01-04 04:20:14',NULL),(3,2,'Risqi','risqir57@gmail.com','Romadhoni','nrp2049','islam','Dagmarchester','2021-01-03','681.800.1190','(789) 825-7167','271.302.3383','94306 Javon Islands\r\nMuellerport, RI 63877','Singapore','South Elena','21307',1,'users/default.png','2021-01-04 07:59:42','$2y$10$a4vFWNrMwIxnFT.i9/Finuc0Z8i.gnbDdOYQ9bOaaseK0mdogvgF.',NULL,NULL,NULL,NULL,NULL,'profile-photos/wuMDkGCwD8WuzsC6MkfS1k4v1SCeYlN1EYAlAQZq.png','2021-01-04 07:59:01','2021-01-04 08:05:06',NULL);
/*!40000 ALTER TABLE `users` ENABLE KEYS */;
UNLOCK TABLES;
/*!40103 SET TIME_ZONE=@OLD_TIME_ZONE */;

/*!40101 SET SQL_MODE=@OLD_SQL_MODE */;
/*!40014 SET FOREIGN_KEY_CHECKS=@OLD_FOREIGN_KEY_CHECKS */;
/*!40014 SET UNIQUE_CHECKS=@OLD_UNIQUE_CHECKS */;
/*!40101 SET CHARACTER_SET_CLIENT=@OLD_CHARACTER_SET_CLIENT */;
/*!40101 SET CHARACTER_SET_RESULTS=@OLD_CHARACTER_SET_RESULTS */;
/*!40101 SET COLLATION_CONNECTION=@OLD_COLLATION_CONNECTION */;
/*!40111 SET SQL_NOTES=@OLD_SQL_NOTES */;

-- Dump completed on 2021-01-03 22:07:31
